assetId,originalArchivePath,storedPath,category,layer,width,height,sha256
COMMERCIAL_REF_0001,IMG_12789.jpg,images/commercial_reference/IMG_12789.jpg,COMMERCIAL_COSTUME_REFERENCE,UNKNOWN,1500,2000,7f6169407871a0ad45f38a8ace98f4f79e531726ef5636de88fb92cbfc82f181
COMMERCIAL_REF_0002,IMG_12888.jpg,images/commercial_reference/IMG_12888.jpg,COMMERCIAL_COSTUME_REFERENCE,UNKNOWN,750,1000,669976d9052d752347a0b88caee7ea360f493584da54096976f84b42212eba63
COMMERCIAL_REF_0003,IMG_12889.jpg,images/commercial_reference/IMG_12889.jpg,COMMERCIAL_COSTUME_REFERENCE,UNKNOWN,750,1000,053343382ffea0851f712028d658419ad02c2ee165a51944cb6feb135d9a3566
COMMERCIAL_REF_0004,IMG_12890.jpg,images/commercial_reference/IMG_12890.jpg,COMMERCIAL_COSTUME_REFERENCE,UNKNOWN,3648,3648,3bcd9cad1bd652fe90af235eabfb154459e0bfa269393000c77764375e66a676
COMMERCIAL_REF_0005,IMG_12891.jpg,images/commercial_reference/IMG_12891.jpg,COMMERCIAL_COSTUME_REFERENCE,UNKNOWN,3648,4864,675855a4b5d40a6febdb1c9c3418b6ae04e94f7ed25afb15ce4250145380f1a8
COMMERCIAL_REF_0006,IMG_12892.jpg,images/commercial_reference/IMG_12892.jpg,COMMERCIAL_COSTUME_REFERENCE,UNKNOWN,3648,4864,5f02b01f12ebb221e2e8152fa33696b5d560e1c7c7ec93e9bea77056c3d28079
COMMERCIAL_REF_0007,IMG_12893.jpg,images/commercial_reference/IMG_12893.jpg,COMMERCIAL_COSTUME_REFERENCE,UNKNOWN,1440,1920,7f44b5f0c2c1af441aae64d19d639e9031796e71d1bbb1f8b75bd1d573435f41
COMMERCIAL_REF_0008,IMG_12894.jpg,images/commercial_reference/IMG_12894.jpg,COMMERCIAL_COSTUME_REFERENCE,UNKNOWN,796,1062,0eee3b657251a9848981728fa28fcd684be1df77522124689b978574bb49be4b
COMMERCIAL_REF_0009,IMG_12895.jpg,images/commercial_reference/IMG_12895.jpg,COMMERCIAL_COSTUME_REFERENCE,UNKNOWN,800,800,4d8726683d9b69da0e5a2cedda0b801a0264a6cce551c48ec9ad6c31da1aa0b1
COMMERCIAL_REF_0010,IMG_12896.jpg,images/commercial_reference/IMG_12896.jpg,COMMERCIAL_COSTUME_REFERENCE,UNKNOWN,800,800,ae070944570d943550c36fbd2cfcf55efc0b96ee2496a4f4b52c689d5e48cee7
COMMERCIAL_REF_0011,IMG_12897.jpg,images/commercial_reference/IMG_12897.jpg,COMMERCIAL_COSTUME_REFERENCE,UNKNOWN,800,800,003f7d7d457959b01ce388b5f912aad60695adf7bab09e545e8fd16a62e6a545
COMMERCIAL_REF_0012,IMG_12898.jpg,images/commercial_reference/IMG_12898.jpg,COMMERCIAL_COSTUME_REFERENCE,UNKNOWN,1014,1014,4a71b32149fe3542e96adf0c43013a3a590862ef337b3252af7c9ca534630ca8
COMMERCIAL_REF_0013,IMG_12899.jpg,images/commercial_reference/IMG_12899.jpg,COMMERCIAL_COSTUME_REFERENCE,UNKNOWN,1440,1440,34ef5853324bda2c09e6c0773d9d820521e9642685193e1c4e355395a607d592
COMMERCIAL_REF_0014,IMG_12900.jpg,images/commercial_reference/IMG_12900.jpg,COMMERCIAL_COSTUME_REFERENCE,UNKNOWN,1440,1440,bff7b0aa572c1dedad28b3e175ef8312bb2020e9426eca208ffc9af9eb0b2c1e
COMMERCIAL_REF_0015,IMG_12901.jpg,images/commercial_reference/IMG_12901.jpg,COMMERCIAL_COSTUME_REFERENCE,UNKNOWN,1440,1440,7ae96214011ad2ece87ca1459644d1015595b2eaae69925693139805e96a490e
COMMERCIAL_REF_0016,IMG_12902.jpg,images/commercial_reference/IMG_12902.jpg,COMMERCIAL_COSTUME_REFERENCE,UNKNOWN,1440,1440,4653c2b3aa895c267201f20bf5dcb1190041f1a4613c872a68118eb664be9e53
COMMERCIAL_REF_0017,IMG_12903.jpg,images/commercial_reference/IMG_12903.jpg,COMMERCIAL_COSTUME_REFERENCE,UNKNOWN,1440,1440,71b1506d71c54b3a11ca07c20315f51a4450554a7e7e29e5d377314d700f64d5
COMMERCIAL_REF_0018,IMG_12904.jpg,images/commercial_reference/IMG_12904.jpg,COMMERCIAL_COSTUME_REFERENCE,UNKNOWN,1440,1440,6169eff7eb6ad756aebab064b741d6148906ed872cc36e2f9bb6a6ab9aa508e1
COMMERCIAL_REF_0019,IMG_12905.jpg,images/commercial_reference/IMG_12905.jpg,COMMERCIAL_COSTUME_REFERENCE,UNKNOWN,800,800,8e7e0d656025f88ec87f78a228471ca1e2ca7dd0e35e82475c8b7402a4453d97
COMMERCIAL_REF_0020,IMG_12906.jpg,images/commercial_reference/IMG_12906.jpg,COMMERCIAL_COSTUME_REFERENCE,UNKNOWN,900,1200,6c1f0abd9ea7ae3b4217ce6f3e487e99398d7183f14d8b586bdc1c10dada509a
COMMERCIAL_REF_0021,IMG_12907.jpg,images/commercial_reference/IMG_12907.jpg,COMMERCIAL_COSTUME_REFERENCE,UNKNOWN,900,1200,067153f504eae77209506e8d620415f709e340b04d1d80f85fcd442616ae7ba7
COMMERCIAL_REF_0022,IMG_12908.jpg,images/commercial_reference/IMG_12908.jpg,COMMERCIAL_COSTUME_REFERENCE,UNKNOWN,1440,1440,be6ba4ea53c56f905ab0d984a6cad08b75cec1da779b3f03c9ab986032a03535
COMMERCIAL_REF_0023,IMG_12909.jpg,images/commercial_reference/IMG_12909.jpg,COMMERCIAL_COSTUME_REFERENCE,UNKNOWN,2100,2100,d164d5a9b91aaf77874c24e733c8f8021c841d0d3efc6f33632dcd68e1487996
COMMERCIAL_REF_0024,IMG_12910.jpg,images/commercial_reference/IMG_12910.jpg,COMMERCIAL_COSTUME_REFERENCE,UNKNOWN,800,800,4490fde9a16745a7e1dd27ce647a52204ded98c20ae1c5ab676679ee99723ef8
COMMERCIAL_REF_0025,IMG_12911.jpg,images/commercial_reference/IMG_12911.jpg,COMMERCIAL_COSTUME_REFERENCE,UNKNOWN,800,800,dcb67162b98d6f4beb1ea4db3d52fe1b08f84344e2e6490425db12952c018fca
COMMERCIAL_REF_0026,IMG_12912.jpg,images/commercial_reference/IMG_12912.jpg,COMMERCIAL_COSTUME_REFERENCE,UNKNOWN,800,800,8420bcfb2773d583358304c1d62ad3b3290367b6cef16ce0a3d3733695f3245a
COMMERCIAL_REF_0027,IMG_12913.jpg,images/commercial_reference/IMG_12913.jpg,COMMERCIAL_COSTUME_REFERENCE,UNKNOWN,800,800,3f096131b85866b39a5ba6dab0d5ef7bb01b0028d95da2db35121569e833e6ec
COMMERCIAL_REF_0028,IMG_12914.jpg,images/commercial_reference/IMG_12914.jpg,COMMERCIAL_COSTUME_REFERENCE,UNKNOWN,800,800,671b3d6b75754c85f3dc8b3d9cced8a86858e17463ff6a8b264c187a28b6ec76
COMMERCIAL_REF_0029,IMG_12915.jpg,images/commercial_reference/IMG_12915.jpg,COMMERCIAL_COSTUME_REFERENCE,UNKNOWN,800,800,87042e4d6e258bb559b7f747e46ec2e81cffbb884085d9600f96f75c78ffbed4
COMMERCIAL_REF_0030,IMG_12916.jpg,images/commercial_reference/IMG_12916.jpg,COMMERCIAL_COSTUME_REFERENCE,UNKNOWN,800,800,d43f492e0da5a44d5b416aa076a1a04a032ef7f68fbc656e1b6a78e0ec1b0b3b
COMMERCIAL_REF_0031,IMG_12917.jpg,images/commercial_reference/IMG_12917.jpg,COMMERCIAL_COSTUME_REFERENCE,UNKNOWN,800,800,8de6b7453d3650a96e3f947f6c99a4fc90b4fd6218653dab8ace332bc7e515ba
COMMERCIAL_REF_0032,IMG_12918.jpg,images/commercial_reference/IMG_12918.jpg,COMMERCIAL_COSTUME_REFERENCE,UNKNOWN,1440,1440,4db58fc078f2bf7b840832d1d5af893f26d79f5c2f510acd37e37bce3fce75d1
COMMERCIAL_REF_0033,IMG_12919.jpg,images/commercial_reference/IMG_12919.jpg,COMMERCIAL_COSTUME_REFERENCE,UNKNOWN,1440,1440,fa8288ec0791489716370795a9162f0084ef1a979bc36c46f69c0107da281d5c
COMMERCIAL_REF_0034,IMG_12920.jpg,images/commercial_reference/IMG_12920.jpg,COMMERCIAL_COSTUME_REFERENCE,UNKNOWN,800,800,605dd06327e0ebbf83449a890fad30ae27cf0a786dac43095175618734675e65
COMMERCIAL_REF_0035,IMG_12921.jpg,images/commercial_reference/IMG_12921.jpg,COMMERCIAL_COSTUME_REFERENCE,UNKNOWN,1440,1440,bcfddc6b77d685f27af9a97c23606c9ad22a96f0d15e7bc098216504c6118d0f
COMMERCIAL_REF_0036,IMG_12922.jpg,images/commercial_reference/IMG_12922.jpg,COMMERCIAL_COSTUME_REFERENCE,UNKNOWN,800,800,3c50179758d1bd933f839750b1689ca7a77bea3e428e5d0eded6d624e37f0a4f
COMMERCIAL_REF_0037,IMG_12923.jpg,images/commercial_reference/IMG_12923.jpg,COMMERCIAL_COSTUME_REFERENCE,UNKNOWN,800,800,c1312fa84ed7a432433905ba27af8c72eb2f14c581e9df3ead9b6c722d48925b
COMMERCIAL_REF_0038,IMG_12924.jpg,images/commercial_reference/IMG_12924.jpg,COMMERCIAL_COSTUME_REFERENCE,UNKNOWN,3946,3946,3973da26c90f645439cce919dc5f1033715ffc28c5a473b5ef17bb63253076f9
COMMERCIAL_REF_0039,IMG_12925.jpg,images/commercial_reference/IMG_12925.jpg,COMMERCIAL_COSTUME_REFERENCE,UNKNOWN,1440,1440,b25842d935416bf1d047cabd2873d1d8c0de77f562f82268b21b4d7f743cbac6
COMMERCIAL_REF_0040,IMG_12926.jpg,images/commercial_reference/IMG_12926.jpg,COMMERCIAL_COSTUME_REFERENCE,UNKNOWN,1920,1920,bb2ff6853bdd8bc355b9fb26f8585c42dd0ca04b8ea1a3242460b63ed40ffae9
COMMERCIAL_REF_0041,IMG_12927.jpg,images/commercial_reference/IMG_12927.jpg,COMMERCIAL_COSTUME_REFERENCE,UNKNOWN,900,1200,18ca4374b6f7ce9cea66eded1f5eb5cc5733d6ce32e14f76fb910d698911b30c
COMMERCIAL_REF_0042,IMG_12928.jpg,images/commercial_reference/IMG_12928.jpg,COMMERCIAL_COSTUME_REFERENCE,UNKNOWN,750,1000,d81d9f0e3a288689dd5a0d0df87f7672302308bd342e4947aa647872ba92b9f7
COMMERCIAL_REF_0043,IMG_12929.jpg,images/commercial_reference/IMG_12929.jpg,COMMERCIAL_COSTUME_REFERENCE,UNKNOWN,1206,1206,c6639c8a6a232747c22d9e21d478e435c10e17aeff174a7ea97e4bad149dee19
COMMERCIAL_REF_0044,IMG_12930.jpg,images/commercial_reference/IMG_12930.jpg,COMMERCIAL_COSTUME_REFERENCE,UNKNOWN,1272,1792,c2054d3e5a5e63812968172f6b22757cf660dc0dd2539fe4e85164c13be07116
COMMERCIAL_REF_0045,IMG_12931.jpg,images/commercial_reference/IMG_12931.jpg,COMMERCIAL_COSTUME_REFERENCE,UNKNOWN,2419,3226,bc871d7474bc71810621fcb7440032c328249cbe5b7db27de77adfbc7b195470
COMMERCIAL_REF_0046,IMG_12932.jpg,images/commercial_reference/IMG_12932.jpg,COMMERCIAL_COSTUME_REFERENCE,UNKNOWN,750,1000,19c5b2bc8012212d03505807086836265dccafe3287eb4c4e7f3dacd2516001d
COMMERCIAL_REF_0047,IMG_12933.jpg,images/commercial_reference/IMG_12933.jpg,COMMERCIAL_COSTUME_REFERENCE,UNKNOWN,900,1200,5c5da01561cc10fc7858358655629f367f5554466fccd333e638a0f55c5ce834
COMMERCIAL_REF_0048,IMG_12934.jpg,images/commercial_reference/IMG_12934.jpg,COMMERCIAL_COSTUME_REFERENCE,UNKNOWN,900,1200,97eea96f1e68525c9128eeb87d858072c3f3ba5f0837700a8c41db1c72056b58
COMMERCIAL_REF_0049,IMG_12935.jpg,images/commercial_reference/IMG_12935.jpg,COMMERCIAL_COSTUME_REFERENCE,UNKNOWN,800,800,44c97702f09db7bb76f8d0ecd7f3d25d65ff09838af563fdbf79988d816c9acb
COMMERCIAL_REF_0050,IMG_12936.jpg,images/commercial_reference/IMG_12936.jpg,COMMERCIAL_COSTUME_REFERENCE,UNKNOWN,1440,1920,c440971cf04a6f44467d0f065fef16e16415351490f8ef88854ea0e23662c94a
COMMERCIAL_REF_0051,IMG_12937.jpg,images/commercial_reference/IMG_12937.jpg,COMMERCIAL_COSTUME_REFERENCE,UNKNOWN,750,1000,c0b05619b86f25729ce8d6bdb76f4a94c49df7fecf5d0dfe03c16eda1c92a6dd
COMMERCIAL_REF_0052,IMG_12938.jpg,images/commercial_reference/IMG_12938.jpg,COMMERCIAL_COSTUME_REFERENCE,UNKNOWN,1440,1440,ddd9ec02487bdca5484c7f2d7728f5f8d5f0de7c77b2d1715103d2737adb9395
COMMERCIAL_REF_0053,IMG_12939.jpg,images/commercial_reference/IMG_12939.jpg,COMMERCIAL_COSTUME_REFERENCE,UNKNOWN,1440,1440,e2ba9dc0aa2f18d99587b9363e4e77445ea657a169671931fc167eed87830ac5
COMMERCIAL_REF_0054,IMG_12940.jpg,images/commercial_reference/IMG_12940.jpg,COMMERCIAL_COSTUME_REFERENCE,UNKNOWN,1440,1440,8343ad99774c7ff76cb76877c5c86e5883ddf254691ee2d6cdb020f21ad49a95
COMMERCIAL_REF_0055,IMG_12941.jpg,images/commercial_reference/IMG_12941.jpg,COMMERCIAL_COSTUME_REFERENCE,UNKNOWN,800,800,ba05d5107c63050bba21cc961bf076fb4124426ab8da2e9a1b397bd8599bc163
COMMERCIAL_REF_0056,IMG_12942.jpg,images/commercial_reference/IMG_12942.jpg,COMMERCIAL_COSTUME_REFERENCE,UNKNOWN,800,800,2c1c5c1728611104fba8c5af4c7ff7a2db34240ca89b043caf8ad0792b6a5b29
COMMERCIAL_REF_0057,IMG_12943.jpg,images/commercial_reference/IMG_12943.jpg,COMMERCIAL_COSTUME_REFERENCE,UNKNOWN,800,800,95169cc9566c72d3e50e6e3c1bdc8fd96ce26b7add6d66ec39662553d71274c3
COMMERCIAL_REF_0058,IMG_12944.jpg,images/commercial_reference/IMG_12944.jpg,COMMERCIAL_COSTUME_REFERENCE,UNKNOWN,1050,1400,dd6e0b2df21612479e761f378c80d01df4eb5eb0f298f2cb58014958fdc4597a
COMMERCIAL_REF_0059,IMG_12945.jpg,images/commercial_reference/IMG_12945.jpg,COMMERCIAL_COSTUME_REFERENCE,UNKNOWN,750,1000,b2a13fb49499ccefc957c4f9e004949e9e4f056b6dc5f2378af4b4ee19827b4f
COMMERCIAL_REF_0060,IMG_12946.jpg,images/commercial_reference/IMG_12946.jpg,COMMERCIAL_COSTUME_REFERENCE,UNKNOWN,1400,1400,97121d8af364d145c299284ba40154b4e8d3041b36424cea05ebc309b306d2aa
COMMERCIAL_REF_0061,IMG_12947.jpg,images/commercial_reference/IMG_12947.jpg,COMMERCIAL_COSTUME_REFERENCE,UNKNOWN,1440,1440,42bb2f01ee642cf39a03d44533ea6dc2e10e2dfbbbfcbf799c63c446d84aa464
COMMERCIAL_REF_0062,IMG_12948.jpg,images/commercial_reference/IMG_12948.jpg,COMMERCIAL_COSTUME_REFERENCE,UNKNOWN,1440,1440,0a2fea1f3de31df71864b5acb1a882e86aac80e1edca40cd94c816c06cff8e80
COMMERCIAL_REF_0063,IMG_12949.jpg,images/commercial_reference/IMG_12949.jpg,COMMERCIAL_COSTUME_REFERENCE,UNKNOWN,1440,1440,8433ca45d06a74074af68cc2856db4064cf71d2ca647df9c909e546a2c01227f
COMMERCIAL_REF_0064,IMG_12950.jpg,images/commercial_reference/IMG_12950.jpg,COMMERCIAL_COSTUME_REFERENCE,UNKNOWN,1440,1440,06b5bb7e1db9008de23270993ceca227359ba5568c40331735c00129a643c689
COMMERCIAL_REF_0065,IMG_12951.jpg,images/commercial_reference/IMG_12951.jpg,COMMERCIAL_COSTUME_REFERENCE,UNKNOWN,1440,1440,4117b5772ee8690fc748023278145624ddc426904dd81b59df8896a0288ddffa
COMMERCIAL_REF_0066,IMG_12952.jpg,images/commercial_reference/IMG_12952.jpg,COMMERCIAL_COSTUME_REFERENCE,UNKNOWN,3547,4729,2a911d61c75a088b461063d22827227798ead447d52ad19993ff598c3ad94667
COMMERCIAL_REF_0067,IMG_12953.jpg,images/commercial_reference/IMG_12953.jpg,COMMERCIAL_COSTUME_REFERENCE,UNKNOWN,3072,4095,e0d3044267014a284c6e487217a41ca8ae8f62001e7ee18b6f80522253dc8e0f
COMMERCIAL_REF_0068,IMG_12954.jpg,images/commercial_reference/IMG_12954.jpg,COMMERCIAL_COSTUME_REFERENCE,UNKNOWN,3072,4095,e55a7be6724622ec923c7dd63669c958d5f00f239f3064d448a2b5bfe1c17e59
COMMERCIAL_REF_0069,IMG_12955.jpg,images/commercial_reference/IMG_12955.jpg,COMMERCIAL_COSTUME_REFERENCE,UNKNOWN,3024,4032,8300892cca8b171597a9e03758102b15c634e9623fe6eebf32c6d873cf4e8b0f
COMMERCIAL_REF_0070,IMG_12956.jpg,images/commercial_reference/IMG_12956.jpg,COMMERCIAL_COSTUME_REFERENCE,UNKNOWN,3024,4032,5cd1329bc624cac02dceda27943ad68de908686baf71764f1fa1eba631f28511
COMMERCIAL_REF_0071,IMG_12957.jpg,images/commercial_reference/IMG_12957.jpg,COMMERCIAL_COSTUME_REFERENCE,UNKNOWN,3024,4032,0db2a06a37377cba4de3c58cbcfb9eec8edeb3e9d75b3ced5a8147d7178e5167
COMMERCIAL_REF_0072,IMG_12958.jpg,images/commercial_reference/IMG_12958.jpg,COMMERCIAL_COSTUME_REFERENCE,UNKNOWN,3024,4032,6badf2a901d0d585b72ad7da9255e2cdb49801401d6bc28744a4e29d498ab0fa
COMMERCIAL_REF_0073,IMG_12959.jpg,images/commercial_reference/IMG_12959.jpg,COMMERCIAL_COSTUME_REFERENCE,UNKNOWN,1440,1920,1cbb0e7fca47ec5031cb9e01579c080c96b37baf776a1ee33dca33478529541a
COMMERCIAL_REF_0074,IMG_12960.jpg,images/commercial_reference/IMG_12960.jpg,COMMERCIAL_COSTUME_REFERENCE,UNKNOWN,1440,1920,ffc938ac1ae7cb7bb51f64f968556b59dad4a61314fff33fd919264533c0c278
COMMERCIAL_REF_0075,IMG_12961.jpg,images/commercial_reference/IMG_12961.jpg,COMMERCIAL_COSTUME_REFERENCE,UNKNOWN,1440,1920,40e1ab5927c9c88619a3a7e6b75be3c3f7135cb3ab8e36bdf3964cbf0f51f8fa
COMMERCIAL_REF_0076,IMG_12962.jpg,images/commercial_reference/IMG_12962.jpg,COMMERCIAL_COSTUME_REFERENCE,UNKNOWN,1773,1928,dbea42369b17836c44564268ca6f201c4fa1c2361839857aa4d2c614484e658f
COMMERCIAL_REF_0077,IMG_12963.jpg,images/commercial_reference/IMG_12963.jpg,COMMERCIAL_COSTUME_REFERENCE,UNKNOWN,1210,1139,ea997422ec5f0f6f065922b39e39231db87efd343f41b7d119ff7b2b9262bd6a
COMMERCIAL_REF_0078,IMG_12964.jpg,images/commercial_reference/IMG_12964.jpg,COMMERCIAL_COSTUME_REFERENCE,UNKNOWN,1200,1002,37e79c3c30b9abf5469e12192a57900ab38ee1cebc36b6c1e4edc813d6a5771d
COMMERCIAL_REF_0079,IMG_12965.jpg,images/commercial_reference/IMG_12965.jpg,COMMERCIAL_COSTUME_REFERENCE,UNKNOWN,1379,1175,a3f3aca80fc5e3d2e4908f86af735c8e8b1c8247ad36fd14e410763f6db47934
COMMERCIAL_REF_0080,IMG_12966.jpg,images/commercial_reference/IMG_12966.jpg,COMMERCIAL_COSTUME_REFERENCE,UNKNOWN,1280,1280,0540044d67c0a9e15b2395ecb71f769829c0498554ac0ae8196269aea5e47c03
COMMERCIAL_REF_0081,IMG_12967.jpg,images/commercial_reference/IMG_12967.jpg,COMMERCIAL_COSTUME_REFERENCE,UNKNOWN,1440,1920,d9de8fedebd6f53177b116499af6a089161a3e1c14d73ba0d1698717b39317bf
COMMERCIAL_REF_0082,IMG_12968.jpg,images/commercial_reference/IMG_12968.jpg,COMMERCIAL_COSTUME_REFERENCE,UNKNOWN,1440,1920,3348991320d9a7a8a2c75a35bac98eddba34ea02a72f8a628efc8881a78283b7
COMMERCIAL_REF_0083,IMG_12969.jpg,images/commercial_reference/IMG_12969.jpg,COMMERCIAL_COSTUME_REFERENCE,UNKNOWN,800,800,e0d357a84fa20b124fc610032ef12a9122558bdaa997c20b9a13ff5929b8c297
COMMERCIAL_REF_0084,IMG_12970.jpg,images/commercial_reference/IMG_12970.jpg,COMMERCIAL_COSTUME_REFERENCE,UNKNOWN,800,800,de2d7667404c014dbeeb9f1ae06aa3fe8bf3dc47c4ee300e7e15647212e89f40
COMMERCIAL_REF_0085,IMG_12971.jpg,images/commercial_reference/IMG_12971.jpg,COMMERCIAL_COSTUME_REFERENCE,UNKNOWN,800,800,666170645ed5ef9fc8827938fa7f7c4d6f90fb51b25fbd2244def0abcc028a9b
COMMERCIAL_REF_0086,IMG_12972.jpg,images/commercial_reference/IMG_12972.jpg,COMMERCIAL_COSTUME_REFERENCE,UNKNOWN,800,800,17e8901afa6ee9bae02c29b75f137a2e358b838b3c28c84bc014b7f0ab0dc2c4
COMMERCIAL_REF_0087,IMG_12973.jpg,images/commercial_reference/IMG_12973.jpg,COMMERCIAL_COSTUME_REFERENCE,UNKNOWN,800,800,ecf2d36e055f0c5cd1aad631320a50a27bbcd05c8326da322a433dea7da93956
COMMERCIAL_REF_0088,IMG_12974.jpg,images/commercial_reference/IMG_12974.jpg,COMMERCIAL_COSTUME_REFERENCE,UNKNOWN,800,800,1e7905e4738a5fc7ffe42d87d595da726d714360bddf64a08e9cdb2d1a896306
COMMERCIAL_REF_0089,IMG_12975.jpg,images/commercial_reference/IMG_12975.jpg,COMMERCIAL_COSTUME_REFERENCE,UNKNOWN,1440,1920,5e2479da51b12ceb533359653c2c61e23c59c5ffb3bab9244d6ab93a35a4d588
COMMERCIAL_REF_0090,IMG_12976.jpg,images/commercial_reference/IMG_12976.jpg,COMMERCIAL_COSTUME_REFERENCE,UNKNOWN,1440,1920,bec7ccd11ee1c4af94b4e7f9783d6118e5bfbd6a8ca1b1985e3e2c51d8039a61
COMMERCIAL_REF_0091,IMG_12977.jpg,images/commercial_reference/IMG_12977.jpg,COMMERCIAL_COSTUME_REFERENCE,UNKNOWN,1440,1920,e2ec651bfc15a69e05bbce817359cfa7a3151df549319e118257cf07410dc4a8
COMMERCIAL_REF_0092,IMG_12978.jpg,images/commercial_reference/IMG_12978.jpg,COMMERCIAL_COSTUME_REFERENCE,UNKNOWN,1440,1920,4684e4769892d0268e7d8c0c766fd0ed9801969222b74962f893581d8ec31b14
COMMERCIAL_REF_0093,IMG_12979.jpg,images/commercial_reference/IMG_12979.jpg,COMMERCIAL_COSTUME_REFERENCE,UNKNOWN,1440,1920,f766ec95e0c3341bf07fdce8337b8f3b9514c0741c0ffe3617cdc3cb727f61a0
COMMERCIAL_REF_0094,IMG_12980.jpg,images/commercial_reference/IMG_12980.jpg,COMMERCIAL_COSTUME_REFERENCE,UNKNOWN,1440,1920,a758c47afdc2ef8d3f27cb39eb632a7392c45eccfe8d8e77c1f588660da802c0
COMMERCIAL_REF_0095,IMG_12981.jpg,images/commercial_reference/IMG_12981.jpg,COMMERCIAL_COSTUME_REFERENCE,UNKNOWN,800,800,fddb583a2027d0b47f0c7a8d9d05d1ae08633027f845e1d8b49b66383aa9b8cd
COMMERCIAL_REF_0096,IMG_12982.jpg,images/commercial_reference/IMG_12982.jpg,COMMERCIAL_COSTUME_REFERENCE,UNKNOWN,800,800,9f8e80d73662d00f27f548b621e35a10274e3b8b91d541ba7442861298582da0
COMMERCIAL_REF_0097,IMG_12983.jpg,images/commercial_reference/IMG_12983.jpg,COMMERCIAL_COSTUME_REFERENCE,UNKNOWN,800,800,1163689132366e219248825ca09c3875ff66bf59ac5caacf0228884c5f4b9ace
COMMERCIAL_REF_0098,IMG_12984.jpg,images/commercial_reference/IMG_12984.jpg,COMMERCIAL_COSTUME_REFERENCE,UNKNOWN,800,800,7939d44002373935f10aab05b2b378cd6445071df811590a74a8ad4c11cdb0b5
COMMERCIAL_REF_0099,IMG_12985.png,images/commercial_reference/IMG_12985.png,COMMERCIAL_COSTUME_REFERENCE,UNKNOWN,1792,2400,644341e9252d8ed6602abccc7f20161e1d859125c29208ccc7c59464a8ac07c1
COMMERCIAL_REF_0100,IMG_12986.jpg,images/commercial_reference/IMG_12986.jpg,COMMERCIAL_COSTUME_REFERENCE,UNKNOWN,750,1000,dae42405f43201a2452aea5543acba3509d5d272d7b8462f5efe8ade4392f070
COMMERCIAL_REF_0101,IMG_12987.jpg,images/commercial_reference/IMG_12987.jpg,COMMERCIAL_COSTUME_REFERENCE,UNKNOWN,1800,1800,88e349dba5e04daae9f64cb67d1aba4ddd2d171ca42f1077175a6de1bdbc3574
COMMERCIAL_REF_0102,IMG_12988.jpg,images/commercial_reference/IMG_12988.jpg,COMMERCIAL_COSTUME_REFERENCE,UNKNOWN,1800,1800,8c84c46aae960567886bf8f1ee904712da18abfcb9341f0dea9cff7197adca60
COMMERCIAL_REF_0103,IMG_12989.jpg,images/commercial_reference/IMG_12989.jpg,COMMERCIAL_COSTUME_REFERENCE,UNKNOWN,1440,1920,9f5fdd97215e8fa5f8e51b2f04abbd587789cd0bc357a720aaf97c6c3aee6a3b
COMMERCIAL_REF_0104,IMG_12990.jpg,images/commercial_reference/IMG_12990.jpg,COMMERCIAL_COSTUME_REFERENCE,UNKNOWN,1440,1920,657020d7665590cfdc06e8231bea08cb3bf82a5de151441ec1c4d439648d7f26
COMMERCIAL_REF_0105,IMG_12991.jpg,images/commercial_reference/IMG_12991.jpg,COMMERCIAL_COSTUME_REFERENCE,UNKNOWN,1440,1920,a3c7e7d37053cc9b10f661a67f7a22f26a3961b194e54c870b181db8c6981558
COMMERCIAL_REF_0106,IMG_12992.jpg,images/commercial_reference/IMG_12992.jpg,COMMERCIAL_COSTUME_REFERENCE,UNKNOWN,1440,1920,157cd67fb8b20af847a693e6fec7bb5f8ba1c6e2a8935db22ee6aca5d7587a0d
COMMERCIAL_REF_0107,IMG_12993.jpg,images/commercial_reference/IMG_12993.jpg,COMMERCIAL_COSTUME_REFERENCE,UNKNOWN,900,1200,2dffe47c6982ad9c780f2fa142947f404fb516a00f47810a0ee46ed52cd119f6
COMMERCIAL_REF_0108,IMG_12994.jpg,images/commercial_reference/IMG_12994.jpg,COMMERCIAL_COSTUME_REFERENCE,UNKNOWN,900,1200,a4a29aa61c4e062f2a0f571b57b16506d6ad548825a1747f83202c1685cbeb84
COMMERCIAL_REF_0109,IMG_12995.jpg,images/commercial_reference/IMG_12995.jpg,COMMERCIAL_COSTUME_REFERENCE,UNKNOWN,2250,3000,4416f388def53f1f68a51a24290266b6fbec3355122b249419bada476240a4dc
COMMERCIAL_REF_0110,IMG_12996.jpg,images/commercial_reference/IMG_12996.jpg,COMMERCIAL_COSTUME_REFERENCE,UNKNOWN,3274,2455,1a583561ca6fd44ccdd4d6924c88adf3cd7fc85bf1e9938b22b0eb83b6071bbc
COMMERCIAL_REF_0111,IMG_12997.jpg,images/commercial_reference/IMG_12997.jpg,COMMERCIAL_COSTUME_REFERENCE,UNKNOWN,3091,3091,59df7a9fad1d1ae5f282db98840a0973ea99eeae1b681a23c315428dbe658fb8
COMMERCIAL_REF_0112,IMG_12998.jpg,images/commercial_reference/IMG_12998.jpg,COMMERCIAL_COSTUME_REFERENCE,UNKNOWN,1440,1440,a053b462a44db21af17682b27ae499c3e11526aef3e3c3050a85277599b97333
COMMERCIAL_REF_0113,IMG_12999.jpg,images/commercial_reference/IMG_12999.jpg,COMMERCIAL_COSTUME_REFERENCE,UNKNOWN,1440,1440,c4fed937514347d81b5467dcbf48e4adf9dbd4d9d94a8c1a65bd45bb94c650dd
COMMERCIAL_REF_0114,IMG_13000.jpg,images/commercial_reference/IMG_13000.jpg,COMMERCIAL_COSTUME_REFERENCE,UNKNOWN,1440,1440,3f0be95a8ee7a0500a7a70a3d51cfe9a86f0a30dde74ab93d341db1caf180d9c
COMMERCIAL_REF_0115,IMG_13001.jpg,images/commercial_reference/IMG_13001.jpg,COMMERCIAL_COSTUME_REFERENCE,UNKNOWN,1440,1440,f3caf423bd76af3a983a0d900bba0945ab874c67e6b105a49e7a8438e3f39f5c
COMMERCIAL_REF_0116,IMG_13002.jpg,images/commercial_reference/IMG_13002.jpg,COMMERCIAL_COSTUME_REFERENCE,UNKNOWN,1440,1440,9902602097daf483f89f171e7f7f0c0729041a89c8e315acb4b2f67dd0582cbf
COMMERCIAL_REF_0117,IMG_13003.jpg,images/commercial_reference/IMG_13003.jpg,COMMERCIAL_COSTUME_REFERENCE,UNKNOWN,1440,1440,641a2576a660e7ab9214dc8c7ecb6f7174186d3d267a8e176cfc3d7aa7917783
COMMERCIAL_REF_0118,IMG_13004.jpg,images/commercial_reference/IMG_13004.jpg,COMMERCIAL_COSTUME_REFERENCE,UNKNOWN,1440,1440,64e0169524d861cbdad77c7cbba3a50c417f309b3e43519294ac5aeff70f53af
COMMERCIAL_REF_0119,IMG_13005.jpg,images/commercial_reference/IMG_13005.jpg,COMMERCIAL_COSTUME_REFERENCE,UNKNOWN,1440,1440,f654ab1ee472888b8890f7e6530647fe3b94fb4c0a8031d408387d5a48ae2a3a
COMMERCIAL_REF_0120,IMG_13006.jpg,images/commercial_reference/IMG_13006.jpg,COMMERCIAL_COSTUME_REFERENCE,UNKNOWN,1440,1440,c196af01b19979c0bacda49fb6779598684423a7cd3ae9a7c6bdef42451d7b04
COMMERCIAL_REF_0121,IMG_13007.jpg,images/commercial_reference/IMG_13007.jpg,COMMERCIAL_COSTUME_REFERENCE,UNKNOWN,1440,1440,3b18923b8eade56b432cbc671a6acb93350f1b54729adc8d82cb5b047991001b
COMMERCIAL_REF_0122,IMG_13008.jpg,images/commercial_reference/IMG_13008.jpg,COMMERCIAL_COSTUME_REFERENCE,UNKNOWN,1440,1440,cee93c040d09ec039224cacae2263d7117acb87b7de4553e9dc722831850cd22
COMMERCIAL_REF_0123,IMG_13009.jpg,images/commercial_reference/IMG_13009.jpg,COMMERCIAL_COSTUME_REFERENCE,UNKNOWN,1440,1440,265673e28f4d7720cf4fae7719f0f977458eb36d370b003419c8f4213ff4c68e
COMMERCIAL_REF_0124,IMG_13010.jpg,images/commercial_reference/IMG_13010.jpg,COMMERCIAL_COSTUME_REFERENCE,UNKNOWN,1440,1440,5e71b84a0b22ebefcb1ddd25663d294adea78d1bd995436b810a10fc83ec16b6
COMMERCIAL_REF_0125,IMG_13011.jpg,images/commercial_reference/IMG_13011.jpg,COMMERCIAL_COSTUME_REFERENCE,UNKNOWN,1440,1440,9af2eef0d8c14b33eaaddae16fea4a607ca7bfa8971587f42a888eb053ca1d8a
COMMERCIAL_REF_0126,IMG_13012.jpg,images/commercial_reference/IMG_13012.jpg,COMMERCIAL_COSTUME_REFERENCE,UNKNOWN,1500,2000,1929f1d1e3bc738ca63b1eeeed85449e09c4327a373db27408c72e168babd7f2
COMMERCIAL_REF_0127,IMG_13013.jpg,images/commercial_reference/IMG_13013.jpg,COMMERCIAL_COSTUME_REFERENCE,UNKNOWN,1500,2000,e5a4d99495d77eb4ca3be3b7d402beca689a228c244749a6398ade6313d5853b
COMMERCIAL_REF_0128,IMG_13014.jpg,images/commercial_reference/IMG_13014.jpg,COMMERCIAL_COSTUME_REFERENCE,UNKNOWN,1440,1920,f803f293bb52b79c66e3b8d7211914ba8dd829e472c0fc4cfd2cd5b1bd0b7449
COMMERCIAL_REF_0129,IMG_13015.jpg,images/commercial_reference/IMG_13015.jpg,COMMERCIAL_COSTUME_REFERENCE,UNKNOWN,1440,1920,13d9d23b1911184b1fba59f744fc2df7a4ef6ca1bbb30baf5c2e6f769cbcc672
COMMERCIAL_REF_0130,IMG_13016.jpg,images/commercial_reference/IMG_13016.jpg,COMMERCIAL_COSTUME_REFERENCE,UNKNOWN,750,1000,6ddd57367445c3774d508e7d820382702efed59cf871ce1221dc358570cf1e52
COMMERCIAL_REF_0131,IMG_13017.jpg,images/commercial_reference/IMG_13017.jpg,COMMERCIAL_COSTUME_REFERENCE,UNKNOWN,900,1200,b7a7c453b11df2081b3ab2c8459d3af7a51ad638df2a0d27692765e7446a287c
COMMERCIAL_REF_0132,IMG_13018.jpg,images/commercial_reference/IMG_13018.jpg,COMMERCIAL_COSTUME_REFERENCE,UNKNOWN,900,1200,9f29c214bccc00a59222d66e2b5a883e0054811a75520e1477ae0cc32fdfadf1
COMMERCIAL_REF_0133,IMG_13019.jpg,images/commercial_reference/IMG_13019.jpg,COMMERCIAL_COSTUME_REFERENCE,UNKNOWN,1000,1000,1f982940f494341a3b470772f15b210792171234cb1ba40b7b40819b91a5b492
COMMERCIAL_REF_0134,IMG_13020.jpg,images/commercial_reference/IMG_13020.jpg,COMMERCIAL_COSTUME_REFERENCE,UNKNOWN,1440,1920,a2a84a5363607c445be19c2eb637d635df688d75768b0213a9cc0c31082e42d7
COMMERCIAL_REF_0135,IMG_13021.jpg,images/commercial_reference/IMG_13021.jpg,COMMERCIAL_COSTUME_REFERENCE,UNKNOWN,1440,1920,93e78b9c14cee0cd3ab30a8c20e09686d0ed9e242f19946152404d2bf6ba689f
COMMERCIAL_REF_0136,IMG_13022.jpg,images/commercial_reference/IMG_13022.jpg,COMMERCIAL_COSTUME_REFERENCE,UNKNOWN,1440,1920,f28c67f4ad9be370028db3f3a2e42340f9e5d53cfc2b7f174be32d20637dfe4e
COMMERCIAL_REF_0137,IMG_13023.jpg,images/commercial_reference/IMG_13023.jpg,COMMERCIAL_COSTUME_REFERENCE,UNKNOWN,750,1000,82037354d6d69ffbf7c18b3bcdbcde527a258dcfde18c47615d09f21fed54533
COMMERCIAL_REF_0138,IMG_13024.jpg,images/commercial_reference/IMG_13024.jpg,COMMERCIAL_COSTUME_REFERENCE,UNKNOWN,750,1000,30b8c77c0dd684eb7fba69c68c1fa58adc676d835a9fca99002ebb460c8c4b88
COMMERCIAL_REF_0139,IMG_13025.jpg,images/commercial_reference/IMG_13025.jpg,COMMERCIAL_COSTUME_REFERENCE,UNKNOWN,1200,1200,7fc5b385480e022458e0ecd6a28bcead4d13c146d46d6778978b69d19e911dba
COMMERCIAL_REF_0140,IMG_13082.jpg,images/commercial_reference/IMG_13082.jpg,COMMERCIAL_COSTUME_REFERENCE,UNKNOWN,1500,2000,2c1585f321826d6896429b04c48eb0c5aa1e76730a48521c3415b496cec7e95a
COMMERCIAL_REF_0141,IMG_13083.jpg,images/commercial_reference/IMG_13083.jpg,COMMERCIAL_COSTUME_REFERENCE,UNKNOWN,1500,2000,8079f1daeac2e78601828e1add6a0b3b6d588bb7a3415305a6a672238ece8371
COMMERCIAL_REF_0142,IMG_13084.jpg,images/commercial_reference/IMG_13084.jpg,COMMERCIAL_COSTUME_REFERENCE,UNKNOWN,1500,2000,e67f2dcaaa6dc54ff3db680b37a5915cdee44c815110e149e81f9c85999b4caf
COMMERCIAL_REF_0143,IMG_13085.jpg,images/commercial_reference/IMG_13085.jpg,COMMERCIAL_COSTUME_REFERENCE,UNKNOWN,1500,2000,26b3d4e885c09f6f957669a177ffe152e24362de74f1af61baad39993bc9c5d5
COMMERCIAL_REF_0144,IMG_13086.jpg,images/commercial_reference/IMG_13086.jpg,COMMERCIAL_COSTUME_REFERENCE,UNKNOWN,1500,2000,09b93ef9318794b40e8b6c3c8203effd61ba300d7119fc6dbf8eba7b4c85640a
COMMERCIAL_REF_0145,IMG_13087.jpg,images/commercial_reference/IMG_13087.jpg,COMMERCIAL_COSTUME_REFERENCE,UNKNOWN,1462,1949,c4a1109946f23112b9ebe1d9241d20deb09e9f62af36a065c6cc812e5d738652
COMMERCIAL_REF_0146,IMG_13088.jpg,images/commercial_reference/IMG_13088.jpg,COMMERCIAL_COSTUME_REFERENCE,UNKNOWN,1200,1600,c03fd18660ff4c69172dffc91473b2105d9b979803d417e391e4790d93a248dc
COMMERCIAL_REF_0147,IMG_13089.jpg,images/commercial_reference/IMG_13089.jpg,COMMERCIAL_COSTUME_REFERENCE,UNKNOWN,1500,2000,a2f8245f70153d4a3001fa0d65fcc5e882991503e374839e7c99a294db6d4a32
COMMERCIAL_REF_0148,IMG_13090.jpg,images/commercial_reference/IMG_13090.jpg,COMMERCIAL_COSTUME_REFERENCE,UNKNOWN,1483,1977,bb57cfebfdfd03ca975809e48ff95680dd76a735ec08036f8faeb77d660a0737
COMMERCIAL_REF_0149,IMG_13091.jpg,images/commercial_reference/IMG_13091.jpg,COMMERCIAL_COSTUME_REFERENCE,UNKNOWN,1500,2000,ab4bcf894664081f5b6844dd6da90bd777f19d025ebbfc7d2e3047746d02a2a0
COMMERCIAL_REF_0150,IMG_13092.jpg,images/commercial_reference/IMG_13092.jpg,COMMERCIAL_COSTUME_REFERENCE,UNKNOWN,800,800,64b4f291e76cb1cb7ef0e4c3cc7688d1ef2ae82be20a8c5fe516b6cf0d268d9c
COMMERCIAL_REF_0151,IMG_13093.jpg,images/commercial_reference/IMG_13093.jpg,COMMERCIAL_COSTUME_REFERENCE,UNKNOWN,800,800,785cd1053d239450da92e93039df1ba75c711cb513c24d929b991923507b90f8
COMMERCIAL_REF_0152,IMG_13094.jpg,images/commercial_reference/IMG_13094.jpg,COMMERCIAL_COSTUME_REFERENCE,UNKNOWN,800,800,c7999704b48f0ac32f783929a63f0c9677c37052ffa912025e648b5b3e84092a
COMMERCIAL_REF_0153,IMG_13095.jpg,images/commercial_reference/IMG_13095.jpg,COMMERCIAL_COSTUME_REFERENCE,UNKNOWN,800,800,900e852e5e69655fd210b9a7536d013bd3266f941ea70a5d0881e795355ccee5
COMMERCIAL_REF_0154,IMG_13096.jpg,images/commercial_reference/IMG_13096.jpg,COMMERCIAL_COSTUME_REFERENCE,UNKNOWN,750,1221,d65d1d0232044c111dfbc4e8159e6a7ebfb0924d8a4f448e301bb5fb3645c757
COMMERCIAL_REF_0155,IMG_13097.jpg,images/commercial_reference/IMG_13097.jpg,COMMERCIAL_COSTUME_REFERENCE,UNKNOWN,800,800,deca1e3fe10ea2e30674f297aadbdeb077c3399280e4bb54d70456c5d60e3140
COMMERCIAL_REF_0156,IMG_13098.jpg,images/commercial_reference/IMG_13098.jpg,COMMERCIAL_COSTUME_REFERENCE,UNKNOWN,800,800,6b41e6364135d27b2fb88029eb5ac7814a424ac6e5772983c5c0428d12bb3518
COMMERCIAL_REF_0157,IMG_13099.jpg,images/commercial_reference/IMG_13099.jpg,COMMERCIAL_COSTUME_REFERENCE,UNKNOWN,600,800,b09f422786bcd58d0e72f5a7e905f29b7275a7114d8c2fe815f77132b1d22cf0
COMMERCIAL_REF_0158,IMG_13100.jpg,images/commercial_reference/IMG_13100.jpg,COMMERCIAL_COSTUME_REFERENCE,UNKNOWN,800,800,50d3384d738c3f387e260a853f80aa32de5be40c500b928a4122f9b6c50ec843
COMMERCIAL_REF_0159,IMG_13101.jpg,images/commercial_reference/IMG_13101.jpg,COMMERCIAL_COSTUME_REFERENCE,UNKNOWN,800,800,30ce26ddc31a93ea63769000afd0137d20d86d34f97a5c99499418f6ca9f9dbb
COMMERCIAL_REF_0160,IMG_13102.jpg,images/commercial_reference/IMG_13102.jpg,COMMERCIAL_COSTUME_REFERENCE,UNKNOWN,600,800,ac028103bc6c8b420792f86cb71dec74831061fa3b192333e40e5abafbcc6bb6
COMMERCIAL_REF_0161,IMG_13103.jpg,images/commercial_reference/IMG_13103.jpg,COMMERCIAL_COSTUME_REFERENCE,UNKNOWN,600,800,d8d7e252debdd5ea3761457556616dff152d8a914dd82cc080d3cfae270567a8
COMMERCIAL_REF_0162,IMG_13104.jpg,images/commercial_reference/IMG_13104.jpg,COMMERCIAL_COSTUME_REFERENCE,UNKNOWN,600,800,d407929a5048316fedcc9c3883bf4166139290171d75fe6d84c5fdee01d7c4c5
COMMERCIAL_REF_0163,IMG_13105.jpg,images/commercial_reference/IMG_13105.jpg,COMMERCIAL_COSTUME_REFERENCE,UNKNOWN,800,800,476e2ad46a99ed7fa16fe848edac673c3d06815cb3aefae7865698d3800e4f45
COMMERCIAL_REF_0164,IMG_13106.jpg,images/commercial_reference/IMG_13106.jpg,COMMERCIAL_COSTUME_REFERENCE,UNKNOWN,800,800,ff2c71d11838c50f707c961ea037d53acd1510ed38cb37fe187b703bf3e31e22
COMMERCIAL_REF_0165,IMG_13107.jpg,images/commercial_reference/IMG_13107.jpg,COMMERCIAL_COSTUME_REFERENCE,UNKNOWN,800,800,009ce36be1ae37ca28da8c011dd0de8cd3390f68fea88f24b650053f0019977a
COMMERCIAL_REF_0166,IMG_13108.jpg,images/commercial_reference/IMG_13108.jpg,COMMERCIAL_COSTUME_REFERENCE,UNKNOWN,800,800,591c7606d63548f2bb59015f85eeb50fc0f4053cc2fdfdb78fa460dc019f6c19
COMMERCIAL_REF_0167,IMG_13109.jpg,images/commercial_reference/IMG_13109.jpg,COMMERCIAL_COSTUME_REFERENCE,UNKNOWN,800,800,49de924a154a9934af0607e09cce6b26d5722d200179829d7812e90ef1096b2f
COMMERCIAL_REF_0168,IMG_13110.jpg,images/commercial_reference/IMG_13110.jpg,COMMERCIAL_COSTUME_REFERENCE,UNKNOWN,1500,2000,f45bfb88a9270ecbc9415bc3d7aba3728585c31f646f4a9e2f3ebac6c296e3d9
COMMERCIAL_REF_0169,IMG_13111.jpg,images/commercial_reference/IMG_13111.jpg,COMMERCIAL_COSTUME_REFERENCE,UNKNOWN,750,1000,514457c5854732e3d7fcf8c07663f695fc3226a569e473225f205760adc06712
COMMERCIAL_REF_0170,IMG_13112.jpg,images/commercial_reference/IMG_13112.jpg,COMMERCIAL_COSTUME_REFERENCE,UNKNOWN,750,1000,644fac7758668a75c6037a51226600027d31e9661f458ad8e800902dc337bd56
COMMERCIAL_REF_0171,IMG_13113.jpg,images/commercial_reference/IMG_13113.jpg,COMMERCIAL_COSTUME_REFERENCE,UNKNOWN,750,1000,f41a7a9102c97c7869adc9af5fc653f8a1a4bc49c5d50713f933ca8959a75033
COMMERCIAL_REF_0172,IMG_13114.jpg,images/commercial_reference/IMG_13114.jpg,COMMERCIAL_COSTUME_REFERENCE,UNKNOWN,750,1000,e247abc119dacd3cfae8b563462bbf13f0b134f54c83a25914ed349b706e13a9
COMMERCIAL_REF_0173,IMG_13115.jpg,images/commercial_reference/IMG_13115.jpg,COMMERCIAL_COSTUME_REFERENCE,UNKNOWN,800,1199,2fcb8b72257f1d9f886eef305855a8973e6eea2e9b129c9179cae5129cb4d48c
COMMERCIAL_REF_0174,IMG_13116.jpg,images/commercial_reference/IMG_13116.jpg,COMMERCIAL_COSTUME_REFERENCE,UNKNOWN,600,800,00f1535b03fd87e6160eeb40b21ef60a3fb7ea6c3f4ed99a6145be2b00cf9e3e
COMMERCIAL_REF_0175,IMG_13117.jpg,images/commercial_reference/IMG_13117.jpg,COMMERCIAL_COSTUME_REFERENCE,UNKNOWN,1440,1924,beb6e946fe8b5ab25d639c0cf96437de805600cfcf6aaf6cafc59ab668ee2e33
COMMERCIAL_REF_0176,IMG_13118.jpg,images/commercial_reference/IMG_13118.jpg,COMMERCIAL_COSTUME_REFERENCE,UNKNOWN,1440,1920,cfd5d16d6db5b544bef6f6c92491deb0fa29083d68e791fed2bddfc8b0de600b
COMMERCIAL_REF_0177,IMG_13119.jpg,images/commercial_reference/IMG_13119.jpg,COMMERCIAL_COSTUME_REFERENCE,UNKNOWN,1440,1920,43646c475426fbb223031779357a9ea46339ddf456646e7639a0215525e86a3f
COMMERCIAL_REF_0178,IMG_13120.jpg,images/commercial_reference/IMG_13120.jpg,COMMERCIAL_COSTUME_REFERENCE,UNKNOWN,1340,1785,73765f237afe1c70a4ffb5373601093128a19da9c77704cccfd698e015d07568
COMMERCIAL_REF_0179,IMG_13121.jpg,images/commercial_reference/IMG_13121.jpg,COMMERCIAL_COSTUME_REFERENCE,UNKNOWN,1340,1785,c9e3510e7a1f89406d71529ee6d632e7240ed6dc17ec0e4850840b70e719e7dd
COMMERCIAL_REF_0180,IMG_13122.jpg,images/commercial_reference/IMG_13122.jpg,COMMERCIAL_COSTUME_REFERENCE,UNKNOWN,1340,1785,ff0fe6196dae062a33e1439be323defa56eafc4f651f3edc914ad71748d3e3a3
COMMERCIAL_REF_0181,IMG_13123.jpg,images/commercial_reference/IMG_13123.jpg,COMMERCIAL_COSTUME_REFERENCE,UNKNOWN,750,1000,a2494e4507b42ab9d31325546f3b15010030b24fb4b1b255d0809f1f527e7bf8
COMMERCIAL_REF_0182,IMG_13124.jpg,images/commercial_reference/IMG_13124.jpg,COMMERCIAL_COSTUME_REFERENCE,UNKNOWN,1920,1920,ab80e65d61762e28b1a4f5d7ed68b3123c1cb97fcf2c8e4eada4dbac69bd2bdb
COMMERCIAL_REF_0183,IMG_13125.jpg,images/commercial_reference/IMG_13125.jpg,COMMERCIAL_COSTUME_REFERENCE,UNKNOWN,2992,2992,f5d8d26423470a9a008db0fb27717c2516c05e51292aed0ce16254f31e0c4658
COMMERCIAL_REF_0184,IMG_13126.png,images/commercial_reference/IMG_13126.png,COMMERCIAL_COSTUME_REFERENCE,UNKNOWN,1216,1622,376e07f65c125c58bb778f5637df73d09fcd2abed688f5d88cbcaf8789b8b41c
COMMERCIAL_REF_0185,IMG_13127.jpg,images/commercial_reference/IMG_13127.jpg,COMMERCIAL_COSTUME_REFERENCE,UNKNOWN,2992,2992,29a275da90ed89ed1f6606ee8a61e7ad0324a35667d5b3dde71d6ee4129f77ed
COMMERCIAL_REF_0186,IMG_13128.jpg,images/commercial_reference/IMG_13128.jpg,COMMERCIAL_COSTUME_REFERENCE,UNKNOWN,720,960,d441d9189536423f9031eaf5beb0022b4030cccab6d01f85512dcc15fb6d3a59
COMMERCIAL_REF_0187,IMG_13129.jpg,images/commercial_reference/IMG_13129.jpg,COMMERCIAL_COSTUME_REFERENCE,UNKNOWN,917,917,4da2ca8c7c94f2ca67fb135c8f93039702912eadd00b4f4b94644863e9c872ad
COMMERCIAL_REF_0188,IMG_13130.jpg,images/commercial_reference/IMG_13130.jpg,COMMERCIAL_COSTUME_REFERENCE,UNKNOWN,750,1000,c7de0feaa4e4aea67b3ec5914678caab40f1cbffb6fea07588b25358c20447ef
COMMERCIAL_REF_0189,IMG_13131.jpg,images/commercial_reference/IMG_13131.jpg,COMMERCIAL_COSTUME_REFERENCE,UNKNOWN,750,1000,77aeb27e917274b8d9546eadabcc0ec4bb8128c4d51f698981b505d957cc139a
COMMERCIAL_REF_0190,IMG_13132.jpg,images/commercial_reference/IMG_13132.jpg,COMMERCIAL_COSTUME_REFERENCE,UNKNOWN,900,1200,0c3b40cf56d352652596d9e8e12b5f363f78e592c06f39a11a9cf1e53fb9f8fa
COMMERCIAL_REF_0191,IMG_13133.jpg,images/commercial_reference/IMG_13133.jpg,COMMERCIAL_COSTUME_REFERENCE,UNKNOWN,1200,1600,4645873259753ed82823d4d5be24b74b83fe26054ac10aab53b8715ba8867ec4
COMMERCIAL_REF_0192,IMG_13134.jpg,images/commercial_reference/IMG_13134.jpg,COMMERCIAL_COSTUME_REFERENCE,UNKNOWN,750,1000,dd81f302871ceee0f6717f5d4014c07a5358b2553ee2513e478d894634d188d7
COMMERCIAL_REF_0193,IMG_13135.jpg,images/commercial_reference/IMG_13135.jpg,COMMERCIAL_COSTUME_REFERENCE,UNKNOWN,750,1000,ff22865980e6bc35db48c494ce7945782cf2ecdf3aa7c004908836018ada836e
COMMERCIAL_REF_0194,IMG_13136.jpg,images/commercial_reference/IMG_13136.jpg,COMMERCIAL_COSTUME_REFERENCE,UNKNOWN,750,1000,e4f487cbbc83d4ba4793409ae443b0f7b8c9145935a1b58b99a10633b5dce98a
COMMERCIAL_REF_0195,IMG_13137.jpg,images/commercial_reference/IMG_13137.jpg,COMMERCIAL_COSTUME_REFERENCE,UNKNOWN,750,1000,a37e10ceb98b96bbb3aa4d7c8c49a77f00accd7b9389b3908d808fd672bbf191
COMMERCIAL_REF_0196,IMG_13138.jpg,images/commercial_reference/IMG_13138.jpg,COMMERCIAL_COSTUME_REFERENCE,UNKNOWN,750,1000,1a4dcc6ba23ad75481ac0e5a85e8a15b2335a166acef72d7fcc6b786001cb8b5
COMMERCIAL_REF_0197,IMG_13139.jpg,images/commercial_reference/IMG_13139.jpg,COMMERCIAL_COSTUME_REFERENCE,UNKNOWN,750,1000,040e6c87c0610ca11b6621d46d763c8b33f00625623785374b17b136e3d9d634
COMMERCIAL_REF_0198,IMG_13140.jpg,images/commercial_reference/IMG_13140.jpg,COMMERCIAL_COSTUME_REFERENCE,UNKNOWN,1200,1600,c1d7439aaa0542e9153d0fba01c3bceafd9f614c3075d1dee311a1b82485f041
COMMERCIAL_REF_0199,IMG_13141.jpg,images/commercial_reference/IMG_13141.jpg,COMMERCIAL_COSTUME_REFERENCE,UNKNOWN,1200,1600,bb647b7cdbeecdbb2c0c2a6cd5584d6957a15fe42c3f20d7f8047dfeac92f291
COMMERCIAL_REF_0200,IMG_13142.jpg,images/commercial_reference/IMG_13142.jpg,COMMERCIAL_COSTUME_REFERENCE,UNKNOWN,900,1200,e0d23126afe456b0a44cbc7ca174ab09087cf0e646db2c0af8f8cb6051ec5ea6
COMMERCIAL_REF_0201,IMG_13143.jpg,images/commercial_reference/IMG_13143.jpg,COMMERCIAL_COSTUME_REFERENCE,UNKNOWN,900,1200,d5e982f3a3c12c264a3572749c1191c2ec0f8847864e3a2ab4d98fe80e11019c
COMMERCIAL_REF_0202,IMG_13144.jpg,images/commercial_reference/IMG_13144.jpg,COMMERCIAL_COSTUME_REFERENCE,UNKNOWN,750,1000,9866faac442658e0d08f7861ee1d9963f14974ebb394acb0c2c6e9e0c086906e
COMMERCIAL_REF_0203,IMG_13145.jpg,images/commercial_reference/IMG_13145.jpg,COMMERCIAL_COSTUME_REFERENCE,UNKNOWN,750,1000,ce6526d940248977c316e23e370d1bf0ebfb5fa803fd0c05832a105d317390f9
COMMERCIAL_REF_0204,IMG_13146.jpg,images/commercial_reference/IMG_13146.jpg,COMMERCIAL_COSTUME_REFERENCE,UNKNOWN,750,1000,69a7adbe5eef30945b6c51b6880214f4ee5c5fa842fb44f5a171b80944f26943
COMMERCIAL_REF_0205,IMG_13147.jpg,images/commercial_reference/IMG_13147.jpg,COMMERCIAL_COSTUME_REFERENCE,UNKNOWN,750,1000,3306ae225f51a8e08ced4e5c53dd8292452dc2fad1bac06bebc15942b5fdb1bd
COMMERCIAL_REF_0206,IMG_13148.jpg,images/commercial_reference/IMG_13148.jpg,COMMERCIAL_COSTUME_REFERENCE,UNKNOWN,750,1000,239e2b45c790c00b1ca4c29077d86b278818fef0d1a7ead2ee895a1f007b19f7
COMMERCIAL_REF_0207,IMG_13149.jpg,images/commercial_reference/IMG_13149.jpg,COMMERCIAL_COSTUME_REFERENCE,UNKNOWN,750,1000,6912bb48db5f4bccd782d61fa21e89055e28af42cb689a153082a112d11fb7ee
COMMERCIAL_REF_0208,IMG_13150.jpg,images/commercial_reference/IMG_13150.jpg,COMMERCIAL_COSTUME_REFERENCE,UNKNOWN,1125,1500,87cef219b006f94fd2cb4b4a22d6cdd94292cabe07b9557b7607c0b5a11c7826
COMMERCIAL_REF_0209,IMG_13151.jpg,images/commercial_reference/IMG_13151.jpg,COMMERCIAL_COSTUME_REFERENCE,UNKNOWN,750,1000,32c0ac1a42226b235dfcdf1469e6376d4096aef0b75e724f611589e37af49c7e
COMMERCIAL_REF_0210,IMG_13152.jpg,images/commercial_reference/IMG_13152.jpg,COMMERCIAL_COSTUME_REFERENCE,UNKNOWN,750,1000,366e972c652f929ab1e5aba8ec8fbae6008a1d78c12aa6730f591c276b029053
COMMERCIAL_REF_0211,IMG_13153.png,images/commercial_reference/IMG_13153.png,COMMERCIAL_COSTUME_REFERENCE,UNKNOWN,1024,1024,6724f59bd15eaa8871014c518e1ea17e160df916e8ce79d94e6410769daed384
COMMERCIAL_REF_0212,IMG_13154.png,images/commercial_reference/IMG_13154.png,COMMERCIAL_COSTUME_REFERENCE,UNKNOWN,1024,683,ca3ba5a2b896f046a8aec536ef12aff8ad1cc6678bbb88d3dc6a08c3ddbece46
COMMERCIAL_REF_0213,IMG_13155.png,images/commercial_reference/IMG_13155.png,COMMERCIAL_COSTUME_REFERENCE,UNKNOWN,1022,1024,8f5e5c69d007282b6bf0a9e36e0f2b83420e5e538556308eeba3cf8ebfdbd93b
COMMERCIAL_REF_0214,IMG_13156.jpg,images/commercial_reference/IMG_13156.jpg,COMMERCIAL_COSTUME_REFERENCE,UNKNOWN,600,800,47761a8a21e5e66fa140291df76a819da49581b87d3ae125bf24e83749583048
COMMERCIAL_REF_0215,IMG_13157.jpg,images/commercial_reference/IMG_13157.jpg,COMMERCIAL_COSTUME_REFERENCE,UNKNOWN,1440,1440,2bec2ce1f0584170f06de29a8bf84ffbf10d82dd348baff4a9076d57fcf149d3
COMMERCIAL_REF_0216,IMG_13158.jpg,images/commercial_reference/IMG_13158.jpg,COMMERCIAL_COSTUME_REFERENCE,UNKNOWN,1024,1024,5058b7e6f796d6f045c07f7849bc431dab74b773c18ca5489cdcf6fa7ff8988c
COMMERCIAL_REF_0217,IMG_13159.jpg,images/commercial_reference/IMG_13159.jpg,COMMERCIAL_COSTUME_REFERENCE,UNKNOWN,750,1000,96273677a10d4999b9bd539cce19313c5801285e1c55f9d7427675e915c6d43b
COMMERCIAL_REF_0218,IMG_13160.jpg,images/commercial_reference/IMG_13160.jpg,COMMERCIAL_COSTUME_REFERENCE,UNKNOWN,750,1000,f08365aae387151de2dda26e792bb49306a3d34f9565db9348ef0543622d22e1
COMMERCIAL_REF_0219,IMG_13161.jpg,images/commercial_reference/IMG_13161.jpg,COMMERCIAL_COSTUME_REFERENCE,UNKNOWN,750,1000,1d62840f3a7edd8923d24dca130d8a3aa3ad62482c7c93dd56240e8eb721e0fc
COMMERCIAL_REF_0220,IMG_13162.jpg,images/commercial_reference/IMG_13162.jpg,COMMERCIAL_COSTUME_REFERENCE,UNKNOWN,750,1000,e5ff9187d881bd489d2f47905f8f7b7c0f6d2789e7ee5d8b74367b163cfc7f14
COMMERCIAL_REF_0221,IMG_13163.jpg,images/commercial_reference/IMG_13163.jpg,COMMERCIAL_COSTUME_REFERENCE,UNKNOWN,750,1000,9b859c6387b433295aaa0336b35570248e604c06077237fda5aec40d95423b61
COMMERCIAL_REF_0222,IMG_13164.jpg,images/commercial_reference/IMG_13164.jpg,COMMERCIAL_COSTUME_REFERENCE,UNKNOWN,750,1000,0805532df2be64f1c433923c0dd3fff82b21266b7e2db8ef7407af3be35600ae
COMMERCIAL_REF_0223,IMG_13165.jpg,images/commercial_reference/IMG_13165.jpg,COMMERCIAL_COSTUME_REFERENCE,UNKNOWN,750,1000,4f7b3d334a3be89263afc89918cddf00590be022560574f1bb590094f92efc54
COMMERCIAL_REF_0224,IMG_13166.jpg,images/commercial_reference/IMG_13166.jpg,COMMERCIAL_COSTUME_REFERENCE,UNKNOWN,750,1000,b1fbeee5a1e8ded3e6ed3de0109d2351b0b78637e59af3a4b094ab69b4affbc7
COMMERCIAL_REF_0225,IMG_13167.jpg,images/commercial_reference/IMG_13167.jpg,COMMERCIAL_COSTUME_REFERENCE,UNKNOWN,750,1000,1aa3ff99abe256b2dec1274b5cbafe470450f79fedc84c34b238fc5bf36c402c
COMMERCIAL_REF_0226,IMG_13168.jpg,images/commercial_reference/IMG_13168.jpg,COMMERCIAL_COSTUME_REFERENCE,UNKNOWN,750,1000,0736d48b552117db927fb19a25f958627ede08b302bdcc20b1f9bb44e8d63121
COMMERCIAL_REF_0227,IMG_13169.jpg,images/commercial_reference/IMG_13169.jpg,COMMERCIAL_COSTUME_REFERENCE,UNKNOWN,750,1000,56ac9e6f45b16761a37475553f84dc2878b7d140fc0aae192651d0a5b6824f07
COMMERCIAL_REF_0228,IMG_13170.jpg,images/commercial_reference/IMG_13170.jpg,COMMERCIAL_COSTUME_REFERENCE,UNKNOWN,750,1000,17583eb77841d96870e2decb5bef1439dd1fc754ab79a6255ad735bd547b346d
COMMERCIAL_REF_0229,IMG_13171.jpg,images/commercial_reference/IMG_13171.jpg,COMMERCIAL_COSTUME_REFERENCE,UNKNOWN,750,1000,b3120b7d3f26e4e6b73934cecfd836614897f533507918a33cf85dc90a056966
COMMERCIAL_REF_0230,IMG_13172.jpg,images/commercial_reference/IMG_13172.jpg,COMMERCIAL_COSTUME_REFERENCE,UNKNOWN,750,1000,7ae479ce208d57511b50a165381264ebea704dc51d0357cd3774525bea1aab32
COMMERCIAL_REF_0231,IMG_13173.jpg,images/commercial_reference/IMG_13173.jpg,COMMERCIAL_COSTUME_REFERENCE,UNKNOWN,750,1000,ddfccff5be910005b00a40fc858b004c44ed51d43aa300e8bc84137391909cf1
COMMERCIAL_REF_0232,IMG_13174.jpg,images/commercial_reference/IMG_13174.jpg,COMMERCIAL_COSTUME_REFERENCE,UNKNOWN,750,1000,92d7b9b5b47bdf77b0cd9be2dbdf9d1b27f2fe4e129d8260fda9655249fd76f9
COMMERCIAL_REF_0233,IMG_13175.jpg,images/commercial_reference/IMG_13175.jpg,COMMERCIAL_COSTUME_REFERENCE,UNKNOWN,750,1000,d310e4b9498b711a75a0d7540e4d09a8e6e51efc5be1a7ef00a6056eee9d0758
COMMERCIAL_REF_0234,IMG_13176.jpg,images/commercial_reference/IMG_13176.jpg,COMMERCIAL_COSTUME_REFERENCE,UNKNOWN,750,1000,0af91511a23bd37efb0d42c286e4bd0743ea8e0a33b860d3c7fc338ecae1a2b8
COMMERCIAL_REF_0235,IMG_13177.jpg,images/commercial_reference/IMG_13177.jpg,COMMERCIAL_COSTUME_REFERENCE,UNKNOWN,750,1000,747c336606df486d5647c88bf1979a7e3d8779b386f04bae0b17e5f3d22c7f49
COMMERCIAL_REF_0236,IMG_13178.jpg,images/commercial_reference/IMG_13178.jpg,COMMERCIAL_COSTUME_REFERENCE,UNKNOWN,750,1000,0ea67af80bec63041a1a6ff8f828a9f7659237aca9c5412672806aeaa928e67f
COMMERCIAL_REF_0237,IMG_13179.jpg,images/commercial_reference/IMG_13179.jpg,COMMERCIAL_COSTUME_REFERENCE,UNKNOWN,750,1000,17218c3fd76083e54cdec03fe789f22639acb8575508fbdd40e517f3222e6389
COMMERCIAL_REF_0238,IMG_13180.jpg,images/commercial_reference/IMG_13180.jpg,COMMERCIAL_COSTUME_REFERENCE,UNKNOWN,750,1000,93d9d1b84df2d94355bc7d61e6c83e88e88d941a9850cb3492f3fe42664f1e26
COMMERCIAL_REF_0239,IMG_13181.jpg,images/commercial_reference/IMG_13181.jpg,COMMERCIAL_COSTUME_REFERENCE,UNKNOWN,750,1000,4e74e5fdcf2650b1c062e2869c5f208f91b89caa1b3a8bd79ef8b41ccb265b9b
COMMERCIAL_REF_0240,IMG_13182.jpg,images/commercial_reference/IMG_13182.jpg,COMMERCIAL_COSTUME_REFERENCE,UNKNOWN,750,1000,47d1179d4a761a076545e7b47d26cd2d47f1214b11afe661d5635e25f72f12ee
COMMERCIAL_REF_0241,IMG_13183.jpg,images/commercial_reference/IMG_13183.jpg,COMMERCIAL_COSTUME_REFERENCE,UNKNOWN,750,1000,e22ddad94ff59a26c86e0971a64e64f214f7eede72091b31a0bb421ccb3ff42b
COMMERCIAL_REF_0242,IMG_13184.jpg,images/commercial_reference/IMG_13184.jpg,COMMERCIAL_COSTUME_REFERENCE,UNKNOWN,750,1000,01b3edc15aeaaaa24c1cf65f843cfb2cb991ff4c6fa32d64e4423978588eff71
COMMERCIAL_REF_0243,IMG_13185.jpg,images/commercial_reference/IMG_13185.jpg,COMMERCIAL_COSTUME_REFERENCE,UNKNOWN,750,1000,4fa14b338f0720b5408f3cde9255b4ac01a275196208d417718b0f0323f54dd0
COMMERCIAL_REF_0244,IMG_13186.jpg,images/commercial_reference/IMG_13186.jpg,COMMERCIAL_COSTUME_REFERENCE,UNKNOWN,750,1000,712f89c0446780eeed28fdcd89f87068d90713278414811ebfa1a7225f87a84a
COMMERCIAL_REF_0245,IMG_13187.jpg,images/commercial_reference/IMG_13187.jpg,COMMERCIAL_COSTUME_REFERENCE,UNKNOWN,750,1000,8b190824506320aa8797c3dc383ddc4bbbdb69e6a4d2db556cc94dfb7046bbcd
COMMERCIAL_REF_0246,IMG_13188.jpg,images/commercial_reference/IMG_13188.jpg,COMMERCIAL_COSTUME_REFERENCE,UNKNOWN,750,1000,db980349e470bc57b04caeec47b9cdbbfd2d0647677475c5ef11e348cbd586a4
COMMERCIAL_REF_0247,IMG_13189.jpg,images/commercial_reference/IMG_13189.jpg,COMMERCIAL_COSTUME_REFERENCE,UNKNOWN,750,1000,c6f48303f7c72681a9ed59103409f8e758fbe7bb920ac334b8ae9dcc51425c17
COMMERCIAL_REF_0248,IMG_13190.jpg,images/commercial_reference/IMG_13190.jpg,COMMERCIAL_COSTUME_REFERENCE,UNKNOWN,750,1000,febe90e15e6df80bc062f7690116046a7671dbd756e5b90c80adc5d496d132b9
COMMERCIAL_REF_0249,IMG_13191.jpg,images/commercial_reference/IMG_13191.jpg,COMMERCIAL_COSTUME_REFERENCE,UNKNOWN,750,1000,65d7b897b4a91c0b33f43729a42e58a6e8c8991c72ae02f4e58b13edcff470af
COMMERCIAL_REF_0250,IMG_13192.jpg,images/commercial_reference/IMG_13192.jpg,COMMERCIAL_COSTUME_REFERENCE,UNKNOWN,750,1000,49351b9e1253f77b8bf653115b2f39407747d248e4839880427f2bb7f1712a72
COMMERCIAL_REF_0251,IMG_13193.jpg,images/commercial_reference/IMG_13193.jpg,COMMERCIAL_COSTUME_REFERENCE,UNKNOWN,1440,1920,4cf0020ae34221d87aa3cf1bdd51dc5da55489369d74d4714e4c9249f5577401
COMMERCIAL_REF_0252,IMG_13194.jpg,images/commercial_reference/IMG_13194.jpg,COMMERCIAL_COSTUME_REFERENCE,UNKNOWN,1440,1920,f0bfd44eaf2d31272509d475ec2360fab92b1e7994730f7b0e164c84ee1b9d9a
COMMERCIAL_REF_0253,IMG_13195.jpg,images/commercial_reference/IMG_13195.jpg,COMMERCIAL_COSTUME_REFERENCE,UNKNOWN,1200,1200,8a906a901d1bee47fa6361d9763f7a0899800fcf1e716256b8d5311453a6c84b
COMMERCIAL_REF_0254,IMG_13196.jpg,images/commercial_reference/IMG_13196.jpg,COMMERCIAL_COSTUME_REFERENCE,UNKNOWN,1200,1200,f2da6c860f4002dc58974fdc97cb8f0611516b7f83fe8b9ff2bff1fc657f573d
COMMERCIAL_REF_0255,IMG_13197.jpg,images/commercial_reference/IMG_13197.jpg,COMMERCIAL_COSTUME_REFERENCE,UNKNOWN,1200,1200,7c29df826e7624fc4059fe076bf13c97f79759af456d838065529ac5f3272678
COMMERCIAL_REF_0256,IMG_13198.jpg,images/commercial_reference/IMG_13198.jpg,COMMERCIAL_COSTUME_REFERENCE,UNKNOWN,1200,1200,33eb7e5553f2eef7c0a0948819a6be228378588d436a88fb68d3559b9f6d8c16
COMMERCIAL_REF_0257,IMG_13199.jpg,images/commercial_reference/IMG_13199.jpg,COMMERCIAL_COSTUME_REFERENCE,UNKNOWN,1080,1440,337003625b6886d4f56aa680b08dc64f9808803ade22a1084c365ca6071aec76
COMMERCIAL_REF_0258,IMG_13200.jpg,images/commercial_reference/IMG_13200.jpg,COMMERCIAL_COSTUME_REFERENCE,UNKNOWN,1080,1440,a02d7d5761e75a0ddfe65244cc07f52bc3911d2e73e13dcec661f0969713cd95
COMMERCIAL_REF_0259,IMG_13201.jpg,images/commercial_reference/IMG_13201.jpg,COMMERCIAL_COSTUME_REFERENCE,UNKNOWN,1440,1920,8491194eb2aa942c0482e9b99bab386ae847222f20b942eaa9dd0297ba31f49e
COMMERCIAL_REF_0260,IMG_13202.jpg,images/commercial_reference/IMG_13202.jpg,COMMERCIAL_COSTUME_REFERENCE,UNKNOWN,2160,2160,a73b1264d4457169229b4fc8b3cf0e78102f4702029bbb7cbd0d1d07dbf87d96
COMMERCIAL_REF_0261,IMG_13203.jpg,images/commercial_reference/IMG_13203.jpg,COMMERCIAL_COSTUME_REFERENCE,UNKNOWN,800,800,70b27fe02d39d62331fa55222d8178603414c0d667e4ec4ba05a0513f8c9dd8b
COMMERCIAL_REF_0262,IMG_13204.jpg,images/commercial_reference/IMG_13204.jpg,COMMERCIAL_COSTUME_REFERENCE,UNKNOWN,750,750,79ae980fcbeaa5c2fb0194d532c91556406d6b130fd7fa2151ec3648ee9b360b
COMMERCIAL_REF_0263,IMG_13205.jpg,images/commercial_reference/IMG_13205.jpg,COMMERCIAL_COSTUME_REFERENCE,UNKNOWN,600,800,3d7a1ed3b26e638090be7143824ca431b1debab9551f940d1c49b00f0905bfac
COMMERCIAL_REF_0264,IMG_13206.jpg,images/commercial_reference/IMG_13206.jpg,COMMERCIAL_COSTUME_REFERENCE,UNKNOWN,5000,5000,798e673ad8bfea3b4b6022ff4cfe13fd77809dcf0112607c7e38bf9b88f2bae8
COMMERCIAL_REF_0265,IMG_13207.jpg,images/commercial_reference/IMG_13207.jpg,COMMERCIAL_COSTUME_REFERENCE,UNKNOWN,2774,4096,390ecace5bf88b68a81b7c40ff77b54761ecb8ee549a89ce12d182e7e9019efd
COMMERCIAL_REF_0266,IMG_13208.jpg,images/commercial_reference/IMG_13208.jpg,COMMERCIAL_COSTUME_REFERENCE,UNKNOWN,5000,5000,d95f7063064f48386ca6f6e73f5f70d0c6b490600023b9f81786a7e76c96a41c
COMMERCIAL_REF_0267,IMG_13209.jpg,images/commercial_reference/IMG_13209.jpg,COMMERCIAL_COSTUME_REFERENCE,UNKNOWN,5000,5000,094b84a33c8be5413432a6a0eb30ca5dfdf6b93af25501c00bd5e2404379d6f8
COMMERCIAL_REF_0268,IMG_13210.jpg,images/commercial_reference/IMG_13210.jpg,COMMERCIAL_COSTUME_REFERENCE,UNKNOWN,5000,5000,196a439597c0c92777103375cd0d6200a53758b98793e338e9f93455f48f29ef
COMMERCIAL_REF_0269,IMG_13211.jpg,images/commercial_reference/IMG_13211.jpg,COMMERCIAL_COSTUME_REFERENCE,UNKNOWN,800,800,9e193b8fc19bb1af3081325d2df8b3a93913cdefb37d52ab6c33d8de1d078072
COMMERCIAL_REF_0270,IMG_13212.jpg,images/commercial_reference/IMG_13212.jpg,COMMERCIAL_COSTUME_REFERENCE,UNKNOWN,800,800,097c9d7caa595cf4c94f5e1d673107cdd8b8240b3ea8ef3309b916326179ad33
COMMERCIAL_REF_0271,IMG_13213.png,images/commercial_reference/IMG_13213.png,COMMERCIAL_COSTUME_REFERENCE,UNKNOWN,800,800,6bc09522d91b032495d817e87d7b81e53a0646f993a365b01c5343bed8e1d064
COMMERCIAL_REF_0272,IMG_13214.png,images/commercial_reference/IMG_13214.png,COMMERCIAL_COSTUME_REFERENCE,UNKNOWN,1700,1700,5768015e5ba83fbda4a9673846e80948c7f9e3f363b7ae70879d7cc7d283c964
COMMERCIAL_REF_0273,IMG_13215.jpg,images/commercial_reference/IMG_13215.jpg,COMMERCIAL_COSTUME_REFERENCE,UNKNOWN,800,800,a8ee2c3cf947801ed5ae9841f052292ad4e5011bc14c238e1cb987bf0e6e4862
COMMERCIAL_REF_0274,IMG_13216.jpg,images/commercial_reference/IMG_13216.jpg,COMMERCIAL_COSTUME_REFERENCE,UNKNOWN,800,800,65550efbfe1bd392f5badfc357f6762bd1b528cfb5bfc70f4f6ec03f7aa38961
COMMERCIAL_REF_0275,IMG_13217.jpg,images/commercial_reference/IMG_13217.jpg,COMMERCIAL_COSTUME_REFERENCE,UNKNOWN,800,800,bfcb31e614ef0401efb175564b988fa1a944a300b619dafc1b3334154bd1b6d4
COMMERCIAL_REF_0276,IMG_13218.jpg,images/commercial_reference/IMG_13218.jpg,COMMERCIAL_COSTUME_REFERENCE,UNKNOWN,800,800,334e3d88232baa4435c15d08bf3557e4e6016873c2b6c28fc285f01539e963dc
COMMERCIAL_REF_0277,IMG_13219.jpg,images/commercial_reference/IMG_13219.jpg,COMMERCIAL_COSTUME_REFERENCE,UNKNOWN,3024,4032,b101fbb92b6467d8b70eafeb6f102fc49116d387bb751823e10ff0cdb46d6701
COMMERCIAL_REF_0278,IMG_13220.jpg,images/commercial_reference/IMG_13220.jpg,COMMERCIAL_COSTUME_REFERENCE,UNKNOWN,3024,4032,cbb870dc87a00c58bdf234343e82c547d789f0c18dc0701120600cd0c2c9ce36
COMMERCIAL_REF_0279,IMG_13221.jpg,images/commercial_reference/IMG_13221.jpg,COMMERCIAL_COSTUME_REFERENCE,UNKNOWN,3024,4032,2fd9cb779ac5105ff20baf61d1931ceee3ba2c9453ea3c382520ac6926bda016
COMMERCIAL_REF_0280,IMG_13222.jpg,images/commercial_reference/IMG_13222.jpg,COMMERCIAL_COSTUME_REFERENCE,UNKNOWN,3024,4032,21e862e7454fdc0bf4595d3806120e620a060b77d39fc89dcae5ef7ff44ecfaa
COMMERCIAL_REF_0281,IMG_13223.jpg,images/commercial_reference/IMG_13223.jpg,COMMERCIAL_COSTUME_REFERENCE,UNKNOWN,2160,2880,a9714de59378a8f6321a4e2d94fe29d80965b73556849f0438d3c4bfddc0b0cf
COMMERCIAL_REF_0282,IMG_13224.jpg,images/commercial_reference/IMG_13224.jpg,COMMERCIAL_COSTUME_REFERENCE,UNKNOWN,1773,1773,6967db3afd5bb80059623a06fdb0a892aa234c179fb7543e2927727d04f5fc4f
COMMERCIAL_REF_0283,IMG_13225.jpg,images/commercial_reference/IMG_13225.jpg,COMMERCIAL_COSTUME_REFERENCE,UNKNOWN,1777,1777,1c181b666d1f861f546b060deb10401d5affec3f23ee7fde215bab6578554ae6
COMMERCIAL_REF_0284,IMG_13226.jpg,images/commercial_reference/IMG_13226.jpg,COMMERCIAL_COSTUME_REFERENCE,UNKNOWN,1773,1773,4b5f4c95aa5689b24f238b4557d35357ac586c5c06f512096cb892f0bf711bc8
COMMERCIAL_REF_0285,IMG_13227.jpg,images/commercial_reference/IMG_13227.jpg,COMMERCIAL_COSTUME_REFERENCE,UNKNOWN,1773,1773,d9f1262faa43e81e75017b596aacd57ef1f6cd892417a189def3ff85696714c0
COMMERCIAL_REF_0286,IMG_13228.jpg,images/commercial_reference/IMG_13228.jpg,COMMERCIAL_COSTUME_REFERENCE,UNKNOWN,1773,1773,6967db3afd5bb80059623a06fdb0a892aa234c179fb7543e2927727d04f5fc4f
COMMERCIAL_REF_0287,IMG_13229.png,images/commercial_reference/IMG_13229.png,COMMERCIAL_COSTUME_REFERENCE,UNKNOWN,800,800,8265eb33341c995cf552053d3900d968925dc2108c4889e96720514b7a7238fd
COMMERCIAL_REF_0288,IMG_13230.png,images/commercial_reference/IMG_13230.png,COMMERCIAL_COSTUME_REFERENCE,UNKNOWN,800,800,d54d0261ec3186775a7a2fd599e72cc4a0761f9b8bc8730a15c9da44272c3d3f
COMMERCIAL_REF_0289,IMG_13231.png,images/commercial_reference/IMG_13231.png,COMMERCIAL_COSTUME_REFERENCE,UNKNOWN,800,800,d80391da7ded5d69589144b1e95a9d915705a6d119d4978d7acbcaeba7877ea8
COMMERCIAL_REF_0290,IMG_13232.png,images/commercial_reference/IMG_13232.png,COMMERCIAL_COSTUME_REFERENCE,UNKNOWN,800,800,3e34160385073e496a865b861f20702f60e186ba16a485c444cb7aa168fd7460
COMMERCIAL_REF_0291,IMG_13233.png,images/commercial_reference/IMG_13233.png,COMMERCIAL_COSTUME_REFERENCE,UNKNOWN,800,800,77fa9f8dd91bdf78ee542f0b7cce982dd32f37c58dca1a233a9eaa2271964ddb
COMMERCIAL_REF_0292,IMG_13234.jpg,images/commercial_reference/IMG_13234.jpg,COMMERCIAL_COSTUME_REFERENCE,UNKNOWN,3072,4096,56d1f4a8d4b148baeeb96c61805831e40cdaed3cdda568c8fd2e89304dbc7ba8
COMMERCIAL_REF_0293,IMG_13235.png,images/commercial_reference/IMG_13235.png,COMMERCIAL_COSTUME_REFERENCE,UNKNOWN,2284,1712,d8c4835a0b32fdb7d7e2ae160ef4eca248acbb1af4109e450d5c24bd662b17fd
COMMERCIAL_REF_0294,IMG_13236.jpg,images/commercial_reference/IMG_13236.jpg,COMMERCIAL_COSTUME_REFERENCE,UNKNOWN,1200,1200,ff75e22c47b7686f1b5fd4b557a6c9a8d6702c594fc64f622f9f70266ff10e14
COMMERCIAL_REF_0295,IMG_13237.jpg,images/commercial_reference/IMG_13237.jpg,COMMERCIAL_COSTUME_REFERENCE,UNKNOWN,1200,1200,aec3e8821e65b16853db176e2877d24c116beef12b67acc1191aee75b0738775
COMMERCIAL_REF_0296,IMG_13238.jpg,images/commercial_reference/IMG_13238.jpg,COMMERCIAL_COSTUME_REFERENCE,UNKNOWN,1200,1200,cebe0a0bd052182da9666c08e02e8ee045755078dd259d3c868eae15712d417d
COMMERCIAL_REF_0297,IMG_13239.jpg,images/commercial_reference/IMG_13239.jpg,COMMERCIAL_COSTUME_REFERENCE,UNKNOWN,1200,1200,4f86082c0e9395c0c133b4b4ede450c453f68026ebd31116ce6c9874c56e132f
COMMERCIAL_REF_0298,IMG_13240.jpg,images/commercial_reference/IMG_13240.jpg,COMMERCIAL_COSTUME_REFERENCE,UNKNOWN,1200,1200,2339dbb3ee11b8d73bad39f66bc0f72f4d411ab6b72c3b7a3e81ddde7f5a06ab
COMMERCIAL_REF_0299,IMG_13241.jpg,images/commercial_reference/IMG_13241.jpg,COMMERCIAL_COSTUME_REFERENCE,UNKNOWN,800,800,417f55d0f33bf64108657d5452e328c4f850e70fec6157320f52e44bc991f7b1
COMMERCIAL_REF_0300,IMG_13242.jpg,images/commercial_reference/IMG_13242.jpg,COMMERCIAL_COSTUME_REFERENCE,UNKNOWN,1000,1000,0545c62f7592785a4e17e3fd8e75014fa30947a142f4c3aa58db07b64c5da496
COMMERCIAL_REF_0301,IMG_13243.jpg,images/commercial_reference/IMG_13243.jpg,COMMERCIAL_COSTUME_REFERENCE,UNKNOWN,800,800,8075625f2b7b487b5a4127b65eb2728178e19e1ef6a69e529b4d29cbe28593ed
COMMERCIAL_REF_0302,IMG_13244.jpg,images/commercial_reference/IMG_13244.jpg,COMMERCIAL_COSTUME_REFERENCE,UNKNOWN,800,800,326a18afa258e7b96fcad80bf8b6390c46692cab722039d55c4c25b0650c3341
COMMERCIAL_REF_0303,IMG_13245.jpg,images/commercial_reference/IMG_13245.jpg,COMMERCIAL_COSTUME_REFERENCE,UNKNOWN,750,1000,eb0bbea1c03f663b0f0727cb82017dbd348cc0b9c8611210f6b47ee28709aecc
COMMERCIAL_REF_0304,IMG_13246.heic,images/commercial_reference/IMG_13246.heic,COMMERCIAL_COSTUME_REFERENCE,UNKNOWN,3024,4032,735fb8aa1a057a678e2bfceb18518ed77ef7355fc97e72d40bc1887ea61222b8
COMMERCIAL_REF_0305,IMG_13247.jpg,images/commercial_reference/IMG_13247.jpg,COMMERCIAL_COSTUME_REFERENCE,UNKNOWN,2064,2064,eb0845332c8c1a7af21ada1bc1f9090a333f507f781ababc313a92d056f52eb6
COMMERCIAL_REF_0306,IMG_13248.jpg,images/commercial_reference/IMG_13248.jpg,COMMERCIAL_COSTUME_REFERENCE,UNKNOWN,2044,2044,ba05f55eebcd70a9e7a4de4dd6072078b525caac89b63ffdf2dfc05c08b8cd7e
COMMERCIAL_REF_0307,IMG_13249.png,images/commercial_reference/IMG_13249.png,COMMERCIAL_COSTUME_REFERENCE,UNKNOWN,2056,2056,72263940211d38a6cb8fd657fa7adb0b1a3872e9931c64effe485ee849881cb3
COMMERCIAL_REF_0308,IMG_13250.jpg,images/commercial_reference/IMG_13250.jpg,COMMERCIAL_COSTUME_REFERENCE,UNKNOWN,800,800,e201b3104f3b80c569e17b153970980f62fd6163a92cb0458ea4e338edac6cdf
COMMERCIAL_REF_0309,IMG_13251.jpg,images/commercial_reference/IMG_13251.jpg,COMMERCIAL_COSTUME_REFERENCE,UNKNOWN,1600,1600,3f99be6d1baa6a721d7d8bd6e152943cd3da74ad434ffcfa5e7e8872b5befd0c
COMMERCIAL_REF_0310,IMG_13252.jpg,images/commercial_reference/IMG_13252.jpg,COMMERCIAL_COSTUME_REFERENCE,UNKNOWN,2844,2844,9686b8dbdadcfb8c635dab640c4519604ed784d04f2dd0fda8140a32f8d79aea
COMMERCIAL_REF_0311,IMG_13253.heic,images/commercial_reference/IMG_13253.heic,COMMERCIAL_COSTUME_REFERENCE,UNKNOWN,1448,1920,9dfc51394c939752d8c1a6fca6272142ab840390694253933f911e89db005f5f
